customer_id,customer_name,email,registration_date,customer_type
CUST0001,Eve Rodriguez,everodriguez2620@email.com,2025-10-16,VIP
CUST0002,Jane Garcia,janegarcia7607@email.com,2026-01-20,PREMIUM
CUST0003,Jane Martinez,janemartinez5622@email.com,2026-03-16,REGULAR
CUST0004,Frank Jones,frankjones7374@email.com,2025-08-27,PREMIUM
CUST0005,Charlie Miller,charliemiller8897@email.com,2025-11-25,PREMIUM
CUST0006,Charlie Smith,charliesmith8817@email.com,2025-08-13,VIP
CUST0007,John Williams,johnwilliams1124@email.com,2025-08-31,VIP
CUST0008,John Rodriguez,johnrodriguez8320@email.com,2025-09-11,PREMIUM
CUST0009,Diana Smith,dianasmith8263@email.com,2025-07-30,REGULAR
CUST0010,Henry Williams,henrywilliams5458@email.com,2026-03-14,VIP
CUST0011,Charlie Martinez,charliemartinez1526@email.com,2025-11-26,VIP
CUST0012,Jane Martinez,janemartinez3441,2025-07-16,VIP
CUST0013,John Williams,johnwilliams7962@email.com,2025-11-18,PREMIUM
CUST0014,Henry Williams,henrywilliams@4232,2025-07-14,PREMIUM
CUST0015,Alice Miller,alicemiller1139@email.com,2026-05-11,REGULAR
CUST0016,Grace Martinez,gracemartinez2244@email.com,2026-06-03,REGULAR
CUST0017,Charlie Smith,charliesmith3640@email.com,2025-11-03,REGULAR
CUST0018,Charlie Miller,charliemiller8713@email.com,2025-08-07,PREMIUM
CUST0019,Jane Smith,janesmith5805@email.com,2025-09-09,VIP
CUST0020,Henry Jones,henryjones2589@email.com,2026-03-31,PREMIUM
CUST0021,Henry Smith,henrysmith2286@email.com,2025-07-14,REGULAR
CUST0022,Alice Jones,alicejones4478@email.com,2025-08-13,REGULAR
CUST0023,Eve Smith,evesmith3187@email.com,2026-06-14,PREMIUM
CUST0024,Frank Davis,frankdavis5894@email.com,2026-05-13,PREMIUM
CUST0025,Frank Jones,frankjones4925@email.com,2025-09-10,REGULAR
CUST0026,Charlie Williams,charliewilliams5264@email.com,2025-11-17,VIP
CUST0027,Henry Miller,henrymiller7029@email.com,2026-02-09,REGULAR
CUST0028,Jane Johnson,janejohnson7501@email.com,2025-12-20,REGULAR
CUST0029,Eve Smith,evesmith6736@email.com,2026-03-16,PREMIUM
CUST0030,Henry Williams,henrywilliams9905@email.com,2025-10-04,PREMIUM
CUST0031,Diana Garcia,dianagarcia7589@email.com,2025-09-16,VIP
CUST0032,Diana Davis,dianadavis9524@email.com,2025-08-21,PREMIUM
CUST0033,John Johnson,johnjohnson2414@email.com,2025-11-29,REGULAR
CUST0034,Jane Martinez,janemartinez8971@email.com,2026-05-22,REGULAR
CUST0035,Alice Davis,alicedavis8596@email.com,2026-02-20,REGULAR
CUST0036,Jane Smith,janesmith2533@email.com,2026-04-15,PREMIUM
CUST0037,Alice Williams,alicewilliams7498@email.com,2025-10-31,PREMIUM
CUST0038,Grace Miller,gracemiller4104@email.com,2026-04-13,PREMIUM
CUST0039,Alice Johnson,alicejohnson3191@email.com,2026-04-05,REGULAR
CUST0040,Henry Johnson,henryjohnson9207@email.com,2025-12-17,PREMIUM
CUST0041,Alice Miller,alicemiller1910@email.com,2025-10-06,PREMIUM
CUST0042,Grace Davis,gracedavis3848@email.com,2025-09-02,VIP
CUST0043,John Davis,johndavis@5864,2025-12-27,PREMIUM
CUST0044,Eve Garcia,evegarcia9226@email.com,2025-09-27,REGULAR
CUST0045,Eve Davis,evedavis6225@email.com,2025-08-19,PREMIUM
CUST0046,Alice Martinez,alicemartinez8331@email.com,2026-06-05,VIP
CUST0047,Frank Garcia,frankgarcia2066@email.com,2026-06-12,VIP
CUST0048,Henry Johnson,henryjohnson9527@email.com,2026-05-29,VIP
CUST0049,Jane Johnson,janejohnson8645@email.com,2026-05-28,REGULAR
CUST0050,Henry Rodriguez,henryrodriguez7716@email.com,2025-12-31,PREMIUM
CUST0051,Alice Miller,alicemiller9790@email.com,2025-10-22,VIP
CUST0052,Diana Davis,dianadavis3304@email.com,2025-10-21,PREMIUM
CUST0053,John Martinez,johnmartinez6560@email.com,2026-01-11,VIP
CUST0054,Henry Garcia,henrygarcia1087@email.com,2026-01-25,REGULAR
CUST0055,Diana Jones,dianajones7794@email.com,2025-09-30,REGULAR
CUST0056,Diana Brown,dianabrown5819@email.com,2025-09-25,PREMIUM
CUST0057,Grace Smith,gracesmith4845@email.com,2026-06-06,REGULAR
CUST0058,Alice Johnson,alicejohnson6563@email.com,2025-09-17,PREMIUM
CUST0059,Jane Williams,janewilliams6273@email.com,2026-01-06,PREMIUM
CUST0060,Henry Davis,henrydavis6918@email.com,2026-04-29,REGULAR
CUST0061,Henry Smith,henrysmith9318@email.com,2025-09-25,VIP
CUST0062,John Johnson,johnjohnson7651,2026-02-28,PREMIUM
CUST0063,Jane Brown,janebrown2349@email.com,2025-09-08,PREMIUM
CUST0064,Diana Johnson,dianajohnson9769@email.com,2026-05-26,PREMIUM
CUST0065,Diana Rodriguez,dianarodriguez5017@email.com,2025-09-04,VIP
CUST0066,Eve Rodriguez,everodriguez4850@email.com,2026-05-06,VIP
CUST0067,Eve Brown,evebrown7492@email.com,2025-11-08,PREMIUM
CUST0068,Jane Davis,janedavis5134@email.com,2025-12-09,PREMIUM
CUST0069,Jane Williams,janewilliams1411@email.com,2025-11-12,REGULAR
CUST0070,Bob Smith,bobsmith8311@email.com,2025-11-13,REGULAR
CUST0071,Henry Rodriguez,henryrodriguez5223@email.com,2025-09-11,PREMIUM
CUST0072,Bob Davis,bobdavis2380@email.com,2025-10-07,VIP
CUST0073,Alice Garcia,alicegarcia4679@email.com,2026-04-30,REGULAR
CUST0074,Charlie Rodriguez,charlierodriguez8927@email.com,2025-12-06,PREMIUM
CUST0075,Charlie Garcia,charliegarcia9327@email.com,2025-07-27,REGULAR
CUST0076,John Jones,johnjones3455@email.com,2025-08-29,PREMIUM
CUST0077,Jane Smith,janesmith7561@email.com,2025-10-11,VIP
CUST0078,Frank Williams,frankwilliams3835@email.com,2026-05-01,VIP
CUST0079,Bob Williams,bobwilliams4204@email.com,2025-12-11,VIP
CUST0080,Henry Williams,henrywilliams2354@email.com,2025-12-24,VIP
CUST0081,Henry Williams,henrywilliams2111@email.com,2026-01-13,VIP
CUST0082,Alice Williams,alicewilliams7183@email.com,2026-05-15,VIP
CUST0083,Grace Rodriguez,gracerodriguez3462@email.com,2025-07-14,PREMIUM
CUST0084,Alice Brown,alicebrown2512@email.com,2025-09-29,PREMIUM
CUST0085,Diana Brown,dianabrown1053@email.com,2026-03-20,REGULAR
CUST0086,Diana Miller,dianamiller6116@email.com,2025-07-18,PREMIUM
CUST0087,Diana Brown,dianabrown1869@email.com,2025-12-19,VIP
CUST0088,Charlie Johnson,charliejohnson3798@email.com,2026-03-27,PREMIUM
CUST0089,Charlie Johnson,charliejohnson9722@email.com,2025-10-25,PREMIUM
CUST0090,Grace Brown,gracebrown6404@email.com,2026-03-28,REGULAR
CUST0091,Grace Rodriguez,gracerodriguez2088@email.com,2025-09-19,REGULAR
CUST0092,Jane Miller,janemiller8512@email.com,2026-02-09,PREMIUM
CUST0093,Frank Jones,frankjones8797@email.com,2025-11-17,VIP
CUST0094,Frank Rodriguez,frankrodriguez8505@email.com,2026-04-06,VIP
CUST0095,Diana Martinez,dianamartinez8956@email.com,2025-08-20,VIP
CUST0096,John Rodriguez,johnrodriguez8447@email.com,2025-10-26,REGULAR
CUST0097,Frank Smith,franksmith4095@email.com,2025-08-11,REGULAR
CUST0098,Bob Johnson,bobjohnson5286@email.com,2026-02-02,PREMIUM
CUST0099,Diana Brown,dianabrown5059@email.com,2026-05-07,REGULAR
CUST0100,Grace Smith,gracesmith1055@email.com,2025-08-16,VIP
