item_id,order_id,product_id,quantity,unit_price,discount_percent
ITEM000002,ORD00035,PROD0013,10,57.62,37.0
ITEM000003,ORD00389,PROD0005,2,55.25,28.0
ITEM000004,ORD00263,PROD0025,7,42.21,23.0
ITEM000005,ORD00196,PROD0043,6,356.43,38.0
ITEM000007,ORD00228,PROD0008,7,382.68,27.0
ITEM000008,ORD00357,PROD0002,2,289.22,44.0
ITEM000009,ORD00185,PROD0023,4,209.69,19.0
ITEM000010,ORD00077,PROD0011,1,105.79,45.0
ITEM000011,ORD00145,PROD0032,5,139.94,17.0
ITEM000012,ORD00027,PROD0018,4,11.24,27.0
ITEM000013,ORD00097,PROD0043,10,361.33,17.0
ITEM000014,ORD00064,PROD0042,5,316.26,44.0
ITEM000015,ORD00002,PROD0002,8,458.1,0.0
ITEM000016,ORD00417,PROD0031,2,184.41,45.0
ITEM000017,ORD00154,PROD0043,8,437.68,8.0
ITEM000018,ORD00132,PROD0035,4,185.08,34.0
ITEM000019,ORD00466,PROD0012,1,187.67,8.0
ITEM000020,ORD00315,PROD0005,4,219.17,46.0
ITEM000021,ORD00253,PROD0039,10,41.6,4.0
ITEM000022,ORD00299,PROD0048,8,20.38,42.0
ITEM000023,ORD00290,PROD0024,7,389.11,34.0
ITEM000024,ORD00094,PROD0032,1,60.14,35.0
ITEM000025,ORD00446,PROD0045,3,184.44,50.0
ITEM000026,ORD00262,PROD0028,2,246.68,14.0
ITEM000027,ORD00087,PROD0036,10,122.66,47.0
ITEM000028,ORD00345,PROD0005,5,467.25,3.0
ITEM000029,ORD00188,PROD0015,7,32.17,38.0
ITEM000030,ORD00091,PROD0027,4,154.99,33.0
ITEM000031,ORD00458,PROD0037,9,112.01,8.0
ITEM000032,ORD00018,PROD0006,9,314.51,20.0
ITEM000033,ORD00183,PROD0003,9,410.17,36.0
ITEM000034,ORD00238,PROD0006,5,167.07,21.0
ITEM000035,ORD00253,PROD0003,3,475.82,33.0
ITEM000036,ORD00441,PROD0032,10,165.81,20.0
ITEM000037,ORD00437,PROD0038,3,385.53,34.0
ITEM000038,ORD00432,PROD0003,9,284.16,27.0
ITEM000040,ORD00194,PROD0037,2,364.95,24.0
ITEM000041,ORD00128,PROD0040,5,308.72,19.0
ITEM000042,ORD00296,PROD0049,10,73.33,32.0
ITEM000043,ORD00269,PROD0043,2,462.02,43.0
ITEM000044,ORD00143,PROD0037,1,306.0,45.0
ITEM000045,ORD00411,PROD0023,3,224.49,9.0
ITEM000047,ORD00454,PROD0023,8,202.94,7.0
ITEM000048,ORD00027,PROD0005,10,460.23,21.0
ITEM000049,ORD00196,PROD0036,4,418.52,39.0
ITEM000050,ORD00423,PROD0018,5,494.31,42.0
ITEM000051,ORD00161,PROD0026,9,281.34,15.0
ITEM000053,ORD00460,PROD0049,9,175.0,50.0
ITEM000054,ORD00028,PROD0021,9,365.16,30.0
ITEM000055,ORD00348,PROD0050,3,213.63,25.0
ITEM000056,ORD00448,PROD0010,6,237.9,0.0
ITEM000057,ORD00116,PROD0020,8,125.86,15.0
ITEM000059,ORD00475,PROD0027,5,212.22,21.0
ITEM000060,ORD00092,PROD0015,7,17.02,41.0
ITEM000061,ORD00097,PROD0034,3,205.37,30.0
ITEM000062,ORD00292,PROD0047,7,168.83,41.0
ITEM000063,ORD00184,PROD0024,4,340.17,19.0
ITEM000064,ORD00417,PROD0017,-2,349.57,7.0
ITEM000065,ORD00260,PROD0004,1,175.37,17.0
ITEM000066,ORD00250,PROD0045,1,346.58,39.0
ITEM000067,ORD00476,PROD0015,7,190.47,6.0
ITEM000068,ORD00044,PROD0001,6,148.9,1.0
ITEM000069,ORD00332,PROD0015,8,196.64,25.0
ITEM000070,ORD00148,PROD0022,9,140.44,12.0
ITEM000071,ORD00467,PROD0042,8,450.94,16.0
ITEM000072,ORD00199,PROD0020,10,309.4,4.0
ITEM000073,ORD00339,PROD0042,7,244.76,32.0
ITEM000074,ORD00387,PROD0014,5,12.84,24.0
ITEM000075,ORD00221,PROD0030,1,189.42,44.0
ITEM000076,ORD00172,PROD0029,10,264.27,42.0
ITEM000077,ORD00259,PROD0029,9,91.98,50.0
ITEM000078,ORD00482,PROD0040,3,14.63,47.0
ITEM000079,ORD00320,PROD0041,8,477.11,47.0
ITEM000080,ORD00496,PROD0005,9,446.91,8.0
ITEM000081,ORD00358,PROD0045,5,425.71,10.0
ITEM000082,ORD00273,PROD0012,1,275.98,47.0
ITEM000083,ORD00218,PROD0014,2,98.42,6.0
ITEM000084,ORD00174,PROD0020,5,294.93,38.0
ITEM000086,ORD00476,PROD0045,10,425.66,25.0
ITEM000087,ORD00355,PROD0007,4,319.35,36.0
ITEM000088,ORD00125,PROD0038,-1,14.32,3.0
ITEM000089,ORD00374,PROD0016,10,49.14,0.0
ITEM000090,ORD00124,PROD0038,10,449.56,2.0
ITEM000091,ORD00447,PROD0025,2,256.17,33.0
ITEM000092,ORD00474,PROD0018,9,12.18,38.0
ITEM000093,ORD00107,PROD0005,3,212.63,50.0
ITEM000094,ORD00003,PROD0019,5,204.89,9.0
ITEM000095,ORD00160,PROD0022,7,256.68,45.0
ITEM000096,ORD00297,PROD0025,7,284.13,34.0
ITEM000097,ORD00001,PROD0033,3,187.79,10.0
ITEM000098,ORD00293,PROD0009,5,66.48,2.0
ITEM000099,ORD00459,PROD0007,-1,82.73,28.0
ITEM000100,ORD00478,PROD0027,1,461.52,20.0
ITEM000101,ORD00043,PROD0029,1,486.17,32.0
ITEM000102,ORD00398,PROD0015,9,441.3,4.0
ITEM000103,ORD00134,PROD0023,6,366.04,48.0
ITEM000105,ORD00160,PROD0023,6,219.65,40.0
ITEM000106,ORD00251,PROD0036,2,170.84,21.0
ITEM000107,ORD00335,PROD0016,9,229.42,44.0
ITEM000108,ORD00034,PROD0030,1,426.18,16.0
ITEM000109,ORD00112,PROD0037,2,239.09,21.0
ITEM000110,ORD00499,PROD0036,8,434.21,23.0
ITEM000111,ORD00097,PROD0028,5,235.84,46.0
ITEM000112,ORD00395,PROD0037,3,297.13,6.0
ITEM000113,ORD00082,PROD0012,4,368.97,39.0
ITEM000114,ORD00172,PROD0026,8,131.24,31.0
ITEM000115,ORD00046,PROD0008,9,30.63,17.0
ITEM000116,ORD00067,PROD0047,2,130.46,37.0
ITEM000117,ORD00108,PROD0049,2,287.48,7.0
ITEM000119,ORD00239,PROD0025,9,235.77,17.0
ITEM000120,ORD00206,PROD0026,8,217.64,30.0
ITEM000121,ORD00370,PROD0046,9,28.07,4.0
ITEM000122,ORD00395,PROD0026,1,20.8,28.0
ITEM000123,ORD00141,PROD0008,8,464.18,46.0
ITEM000124,ORD00462,PROD0039,3,332.9,10.0
ITEM000125,ORD00373,PROD0046,2,441.22,6.0
ITEM000126,ORD00056,PROD0001,3,96.62,33.0
ITEM000127,ORD00095,PROD0046,10,205.32,30.0
ITEM000130,ORD00074,PROD0010,7,184.55,12.0
ITEM000131,ORD00378,PROD0012,3,126.51,1.0
ITEM000132,ORD00261,PROD0047,4,278.19,22.0
ITEM000133,ORD00016,PROD0014,7,232.16,38.0
ITEM000134,ORD00200,PROD0026,10,128.09,18.0
ITEM000135,ORD00399,PROD0001,10,70.98,5.0
ITEM000136,ORD00448,PROD0029,4,262.25,5.0
ITEM000137,ORD00265,PROD0043,5,230.22,20.0
ITEM000138,ORD00237,PROD0032,6,52.48,19.0
ITEM000139,ORD00094,PROD0020,3,470.83,40.0
ITEM000140,ORD00464,PROD0022,4,340.04,38.0
ITEM000141,ORD00403,PROD0036,9,362.62,40.0
ITEM000142,ORD00224,PROD0031,6,288.7,34.0
ITEM000143,ORD00090,PROD0045,4,187.85,39.0
ITEM000144,ORD00164,PROD0001,8,258.52,20.0
ITEM000145,ORD00070,PROD0010,2,487.18,30.0
ITEM000146,ORD00041,PROD0034,7,182.07,43.0
ITEM000147,ORD00498,PROD0022,1,379.08,40.0
ITEM000148,ORD00225,PROD0018,7,261.6,35.0
ITEM000149,ORD00033,PROD0005,7,5.25,20.0
ITEM000150,ORD00134,PROD0010,9,380.14,32.0
ITEM000151,ORD00050,PROD0009,9,363.11,5.0
ITEM000152,ORD00358,PROD0040,5,364.81,19.0
ITEM000153,ORD00392,PROD0024,1,7.9,50.0
ITEM000154,ORD00278,PROD0043,2,313.93,37.0
ITEM000155,ORD00122,PROD0050,3,456.44,18.0
ITEM000156,ORD00252,PROD0043,6,157.22,29.0
ITEM000157,ORD00365,PROD0043,5,242.15,44.0
ITEM000158,ORD00032,PROD0023,9,243.33,10.0
ITEM000159,ORD00001,PROD0018,4,17.46,34.0
ITEM000160,ORD00427,PROD0048,5,33.64,46.0
ITEM000161,ORD00492,PROD0007,1,128.15,43.0
ITEM000162,ORD00373,PROD0003,2,201.29,21.0
ITEM000163,ORD00459,PROD0035,9,112.49,7.0
ITEM000164,ORD00416,PROD0036,4,419.89,6.0
ITEM000165,ORD00386,PROD0050,10,62.32,42.0
ITEM000166,ORD00100,PROD0021,1,68.8,47.0
ITEM000167,ORD00340,PROD0014,8,50.99,39.0
ITEM000168,ORD00470,PROD0048,1,181.38,37.0
ITEM000170,ORD00159,PROD0045,10,356.32,5.0
ITEM000171,ORD00493,PROD0006,6,27.62,39.0
ITEM000172,ORD00147,PROD0031,3,11.28,36.0
ITEM000173,ORD00294,PROD0022,5,279.72,38.0
ITEM000175,ORD00238,PROD0016,-4,176.2,26.0
ITEM000176,ORD00157,PROD0038,10,450.51,40.0
ITEM000177,ORD00073,PROD0003,6,66.34,42.0
ITEM000178,ORD00464,PROD0010,6,364.98,20.0
ITEM000179,ORD00127,PROD0028,7,244.88,22.0
ITEM000180,ORD00472,PROD0004,10,422.73,6.0
ITEM000181,ORD00484,PROD0005,7,139.99,5.0
ITEM000182,ORD00265,PROD0013,2,416.52,37.0
ITEM000183,ORD00161,PROD0014,7,374.82,23.0
ITEM000184,ORD00493,PROD0022,9,332.87,11.0
ITEM000185,ORD00150,PROD0028,5,88.42,15.0
ITEM000186,ORD00451,PROD0002,3,354.87,30.0
ITEM000187,ORD00282,PROD0030,2,351.11,46.0
ITEM000188,ORD00424,PROD0050,7,277.04,15.0
ITEM000189,ORD00294,PROD0004,3,33.29,27.0
ITEM000190,ORD00399,PROD0016,1,52.31,27.0
ITEM000191,ORD00020,PROD0009,1,143.16,38.0
ITEM000192,ORD00098,PROD0024,1,233.57,47.0
ITEM000193,ORD00048,PROD0027,5,471.09,16.0
ITEM000194,ORD00074,PROD0047,2,114.36,35.0
ITEM000195,ORD00309,PROD0036,5,65.77,47.0
ITEM000196,ORD00071,PROD0039,2,328.8,20.0
ITEM000197,ORD00222,PROD0016,2,271.82,9.0
ITEM000198,ORD00197,PROD0025,2,180.62,34.0
ITEM000199,ORD00036,PROD0016,10,466.97,36.0
ITEM000200,ORD00183,PROD0038,2,387.65,42.0
ITEM000201,ORD00215,PROD0037,7,217.65,43.0
ITEM000202,ORD00255,PROD0011,5,255.39,39.0
ITEM000203,ORD00330,PROD0019,4,382.93,5.0
ITEM000204,ORD00034,PROD0020,7,389.93,12.0
ITEM000205,ORD00326,PROD0017,2,435.93,49.0
ITEM000206,ORD00455,PROD0002,6,427.09,38.0
ITEM000207,ORD00091,PROD0019,3,151.32,46.0
ITEM000208,ORD00068,PROD0029,4,182.66,29.0
ITEM000209,ORD00224,PROD0049,4,328.94,34.0
ITEM000210,ORD00403,PROD0031,9,196.13,16.0
ITEM000211,ORD00486,PROD0033,5,112.41,38.0
ITEM000213,ORD00145,PROD0042,8,230.77,27.0
ITEM000215,ORD00314,PROD0028,5,251.44,49.0
ITEM000216,ORD00195,PROD0001,4,9.44,24.0
ITEM000218,ORD00062,PROD0020,10,428.59,50.0
ITEM000219,ORD00005,PROD0034,10,255.36,14.0
ITEM000220,ORD00383,PROD0005,3,442.5,29.0
ITEM000221,ORD00233,PROD0005,1,152.61,49.0
ITEM000222,ORD00320,PROD0019,3,215.27,47.0
ITEM000223,ORD00307,PROD0040,6,160.85,23.0
ITEM000224,ORD00308,PROD0022,10,386.45,17.0
ITEM000225,ORD00348,PROD0003,-3,473.75,39.0
ITEM000226,ORD00223,PROD0004,6,386.06,35.0
ITEM000227,ORD00377,PROD0047,3,486.5,34.0
ITEM000228,ORD00048,PROD0012,9,423.27,3.0
ITEM000229,ORD00005,PROD0038,10,126.47,30.0
ITEM000230,ORD00461,PROD0037,5,56.42,21.0
ITEM000231,ORD00213,PROD0033,10,144.7,15.0
ITEM000232,ORD00123,PROD0050,8,219.91,11.0
ITEM000233,ORD00154,PROD0007,3,127.8,8.0
ITEM000234,ORD00125,PROD0024,1,107.88,44.0
ITEM000235,ORD00110,PROD0001,3,85.74,23.0
ITEM000236,ORD00041,PROD0018,5,138.69,14.0
ITEM000237,ORD00245,PROD0019,8,389.07,39.0
ITEM000238,ORD00108,PROD0004,3,254.86,39.0
ITEM000239,ORD00082,PROD0015,3,162.37,35.0
ITEM000240,ORD00423,PROD0014,4,467.36,3.0
ITEM000241,ORD00249,PROD0035,2,67.24,20.0
ITEM000243,ORD00244,PROD0039,8,409.4,11.0
ITEM000244,ORD00387,PROD0006,10,447.9,30.0
ITEM000245,ORD00112,PROD0004,1,57.52,22.0
ITEM000246,ORD00205,PROD0008,8,140.75,31.0
ITEM000247,ORD00432,PROD0019,7,77.57,7.0
ITEM000248,ORD00389,PROD0015,10,31.98,40.0
ITEM000250,ORD00348,PROD0020,6,390.99,21.0
ITEM000251,ORD00320,PROD0023,8,51.68,22.0
ITEM000252,ORD00038,PROD0032,4,189.65,46.0
ITEM000253,ORD00139,PROD0042,9,200.53,16.0
ITEM000254,ORD00093,PROD0036,2,405.76,2.0
ITEM000255,ORD00194,PROD0042,1,306.46,18.0
ITEM000256,ORD00090,PROD0046,6,267.34,42.0
ITEM000257,ORD00253,PROD0029,8,171.5,29.0
ITEM000258,ORD00071,PROD0016,2,416.64,16.0
ITEM000259,ORD00470,PROD0029,7,234.19,30.0
ITEM000260,ORD00083,PROD0019,9,34.67,26.0
ITEM000261,ORD00027,PROD0001,7,116.1,18.0
ITEM000262,ORD00334,PROD0027,2,269.9,34.0
ITEM000263,ORD00453,PROD0029,2,231.65,4.0
ITEM000264,ORD00436,PROD0026,1,193.84,6.0
ITEM000265,ORD00032,PROD0009,5,80.65,20.0
ITEM000266,ORD00090,PROD0047,5,174.53,14.0
ITEM000267,ORD00344,PROD0046,3,182.03,27.0
ITEM000268,ORD00427,PROD0014,-4,333.5,43.0
ITEM000269,ORD00486,PROD0048,9,395.19,16.0
ITEM000270,ORD00500,PROD0043,9,233.43,28.0
ITEM000271,ORD00441,PROD0002,8,149.19,37.0
ITEM000272,ORD00120,PROD0036,5,249.92,38.0
ITEM000273,ORD00444,PROD0023,7,458.3,18.0
ITEM000274,ORD00254,PROD0038,7,443.79,47.0
ITEM000275,ORD00312,PROD0049,3,122.53,14.0
ITEM000276,ORD00053,PROD0043,10,111.21,17.0
ITEM000277,ORD00072,PROD0004,1,308.15,3.0
ITEM000278,ORD00124,PROD0013,6,253.06,23.0
ITEM000279,ORD00393,PROD0046,6,123.79,9.0
ITEM000280,ORD00118,PROD0023,3,401.09,10.0
ITEM000281,ORD00406,PROD0050,10,293.07,17.0
ITEM000282,ORD00487,PROD0008,9,296.61,33.0
ITEM000284,ORD00464,PROD0040,2,261.73,31.0
ITEM000285,ORD00014,PROD0030,1,315.79,42.0
ITEM000286,ORD00060,PROD0043,3,430.14,38.0
ITEM000289,ORD00129,PROD0050,3,36.55,49.0
ITEM000290,ORD00058,PROD0030,9,424.2,43.0
ITEM000291,ORD00428,PROD0021,4,434.58,17.0
ITEM000292,ORD00286,PROD0031,2,295.44,33.0
ITEM000293,ORD00245,PROD0038,8,291.18,7.0
ITEM000294,ORD00298,PROD0023,4,401.67,43.0
ITEM000296,ORD00042,PROD0047,9,207.34,48.0
ITEM000297,ORD00391,PROD0007,2,178.05,22.0
ITEM000298,ORD00411,PROD0047,10,438.77,21.0
ITEM000299,ORD00155,PROD0018,6,188.1,28.0
ITEM000300,ORD00345,PROD0041,8,382.29,43.0
ITEM000301,ORD00026,PROD0002,4,239.73,31.0
ITEM000302,ORD00424,PROD0001,5,361.1,32.0
ITEM000303,ORD00456,PROD0034,9,281.97,12.0
ITEM000304,ORD00487,PROD0014,9,444.46,5.0
ITEM000305,ORD00020,PROD0019,1,188.25,10.0
ITEM000306,ORD00350,PROD0018,1,402.76,3.0
ITEM000307,ORD00211,PROD0034,9,414.24,16.0
ITEM000308,ORD00434,PROD0018,4,326.38,49.0
ITEM000309,ORD00468,PROD0030,7,103.2,49.0
ITEM000310,ORD00378,PROD0029,5,109.97,46.0
ITEM000311,ORD00319,PROD0034,3,69.84,23.0
ITEM000312,ORD00006,PROD0038,7,296.27,39.0
ITEM000313,ORD00198,PROD0038,3,43.69,31.0
ITEM000314,ORD00371,PROD0038,2,337.28,16.0
ITEM000315,ORD00037,PROD0038,2,351.72,48.0
ITEM000317,ORD00339,PROD0046,3,402.48,5.0
ITEM000318,ORD00005,PROD0027,2,189.03,8.0
ITEM000319,ORD00182,PROD0022,6,57.8,14.0
ITEM000320,ORD00444,PROD0010,7,70.34,25.0
ITEM000321,ORD00171,PROD0043,10,373.71,16.0
ITEM000322,ORD00238,PROD0039,4,401.21,10.0
ITEM000323,ORD00447,PROD0049,2,236.17,35.0
ITEM000324,ORD00250,PROD0049,1,22.07,46.0
ITEM000325,ORD00029,PROD0002,10,276.05,39.0
ITEM000326,ORD00020,PROD0046,1,199.32,46.0
ITEM000327,ORD00407,PROD0020,1,15.47,33.0
ITEM000328,ORD00358,PROD0043,3,153.63,25.0
ITEM000329,ORD00068,PROD0014,7,378.66,14.0
ITEM000330,ORD00049,PROD0008,1,258.05,2.0
ITEM000331,ORD00079,PROD0041,4,452.0,5.0
ITEM000332,ORD00013,PROD0006,8,135.71,40.0
ITEM000333,ORD00394,PROD0019,2,63.9,6.0
ITEM000334,ORD00262,PROD0035,-4,492.74,43.0
ITEM000335,ORD00009,PROD0002,3,280.79,27.0
ITEM000336,ORD00286,PROD0023,7,328.34,0.0
ITEM000337,ORD00287,PROD0015,6,348.8,4.0
ITEM000338,ORD00221,PROD0032,9,25.96,47.0
ITEM000339,ORD00234,PROD0007,5,138.74,31.0
ITEM000340,ORD00450,PROD0002,3,322.09,37.0
ITEM000341,ORD00400,PROD0035,2,131.42,25.0
ITEM000342,ORD00233,PROD0025,5,471.33,1.0
ITEM000343,ORD00267,PROD0041,8,470.59,43.0
ITEM000344,ORD00443,PROD0007,9,348.94,8.0
ITEM000345,ORD00264,PROD0004,8,385.78,34.0
ITEM000346,ORD00348,PROD0001,9,39.53,48.0
ITEM000347,ORD00281,PROD0003,4,122.64,27.0
ITEM000348,ORD00047,PROD0009,4,171.93,35.0
ITEM000349,ORD00177,PROD0005,2,57.63,36.0
ITEM000350,ORD00420,PROD0017,3,226.62,40.0
ITEM000351,ORD00263,PROD0033,7,331.53,23.0
ITEM000352,ORD00205,PROD0029,8,94.02,16.0
ITEM000353,ORD00460,PROD0031,5,461.7,11.0
ITEM000354,ORD00043,PROD0042,1,282.47,38.0
ITEM000355,ORD00149,PROD0014,5,126.95,7.0
ITEM000356,ORD00483,PROD0041,10,487.39,14.0
ITEM000357,ORD00229,PROD0006,9,250.88,12.0
ITEM000358,ORD00337,PROD0043,9,261.72,11.0
ITEM000359,ORD00450,PROD0049,6,162.99,33.0
ITEM000360,ORD00379,PROD0045,10,79.2,6.0
ITEM000361,ORD00483,PROD0038,5,208.27,12.0
ITEM000362,ORD00178,PROD0041,5,160.09,46.0
ITEM000363,ORD00474,PROD0036,6,90.41,5.0
ITEM000364,ORD00426,PROD0023,5,54.33,45.0
ITEM000365,ORD00187,PROD0009,9,402.85,36.0
ITEM000366,ORD00195,PROD0012,9,226.59,13.0
ITEM000367,ORD00229,PROD0045,1,371.67,33.0
ITEM000368,ORD00309,PROD0020,6,204.42,0.0
ITEM000369,ORD00277,PROD0032,6,303.44,28.0
ITEM000370,ORD00125,PROD0045,7,103.77,26.0
ITEM000371,ORD00409,PROD0019,1,271.95,14.0
ITEM000372,ORD00067,PROD0009,-4,128.71,2.0
ITEM000373,ORD00315,PROD0034,4,18.8,1.0
ITEM000374,ORD00446,PROD0026,9,136.72,21.0
ITEM000375,ORD00419,PROD0041,4,412.4,28.0
ITEM000376,ORD00438,PROD0003,5,376.22,12.0
ITEM000378,ORD00361,PROD0011,2,83.41,29.0
ITEM000379,ORD00173,PROD0035,-5,212.48,5.0
ITEM000380,ORD00072,PROD0001,4,338.06,29.0
ITEM000382,ORD00072,PROD0043,2,303.32,15.0
ITEM000383,ORD00332,PROD0041,5,53.38,11.0
ITEM000384,ORD00154,PROD0029,4,145.69,23.0
ITEM000385,ORD00414,PROD0014,1,160.6,10.0
ITEM000386,ORD00161,PROD0037,3,39.73,22.0
ITEM000387,ORD00078,PROD0036,4,130.5,41.0
ITEM000388,ORD00356,PROD0027,4,340.13,17.0
ITEM000389,ORD00491,PROD0048,9,124.24,31.0
ITEM000390,ORD00198,PROD0016,2,455.43,42.0
ITEM000391,ORD00450,PROD0015,5,380.08,48.0
ITEM000392,ORD00422,PROD0017,6,144.99,17.0
ITEM000394,ORD00230,PROD0008,6,244.28,18.0
ITEM000395,ORD00272,PROD0019,8,389.44,11.0
ITEM000396,ORD00438,PROD0013,4,319.54,18.0
ITEM000398,ORD00487,PROD0031,5,136.58,42.0
ITEM000400,ORD00035,PROD0024,2,371.05,27.0
ITEM000401,ORD00201,PROD0032,3,146.26,26.0
ITEM000402,ORD00099,PROD0025,6,167.76,20.0
ITEM000403,ORD00377,PROD0018,9,250.02,22.0
ITEM000404,ORD00447,PROD0044,1,33.93,34.0
ITEM000405,ORD00159,PROD0035,9,398.37,44.0
ITEM000406,ORD00224,PROD0005,5,295.04,6.0
ITEM000407,ORD00356,PROD0014,4,120.12,42.0
ITEM000408,ORD00198,PROD0043,7,174.39,0.0
ITEM000409,ORD00115,PROD0048,1,476.6,45.0
ITEM000410,ORD00347,PROD0047,5,415.31,32.0
ITEM000411,ORD00396,PROD0026,7,132.11,2.0
ITEM000412,ORD00327,PROD0047,4,392.93,23.0
ITEM000413,ORD00157,PROD0027,8,51.12,7.0
ITEM000415,ORD00083,PROD0015,10,54.05,1.0
ITEM000416,ORD00411,PROD0022,1,418.07,9.0
ITEM000417,ORD00187,PROD0035,1,255.6,49.0
ITEM000418,ORD00253,PROD0028,9,429.62,26.0
ITEM000419,ORD00277,PROD0014,4,167.28,9.0
ITEM000420,ORD00299,PROD0047,9,344.8,3.0
ITEM000421,ORD00220,PROD0032,5,86.15,46.0
ITEM000422,ORD00205,PROD0006,7,125.93,41.0
ITEM000423,ORD00299,PROD0014,10,58.24,43.0
ITEM000424,ORD00130,PROD0010,9,231.94,29.0
ITEM000425,ORD00402,PROD0020,10,120.47,18.0
ITEM000426,ORD00428,PROD0042,3,21.33,24.0
ITEM000427,ORD00250,PROD0042,2,199.3,46.0
ITEM000428,ORD00228,PROD0049,5,410.24,24.0
ITEM000429,ORD00466,PROD0015,5,433.22,26.0
ITEM000430,ORD00069,PROD0036,10,291.08,11.0
ITEM000431,ORD00441,PROD0030,3,404.62,8.0
ITEM000432,ORD00388,PROD0011,9,175.53,19.0
ITEM000433,ORD00025,PROD0043,7,380.61,42.0
ITEM000434,ORD00460,PROD0026,8,80.84,14.0
ITEM000435,ORD00100,PROD0007,10,448.24,21.0
ITEM000436,ORD00108,PROD0029,3,465.26,0.0
ITEM000437,ORD00032,PROD0014,6,319.66,32.0
ITEM000438,ORD00462,PROD0043,6,139.68,24.0
ITEM000439,ORD00324,PROD0010,4,79.48,12.0
ITEM000440,ORD00025,PROD0037,5,114.23,50.0
ITEM000441,ORD00140,PROD0022,3,296.83,39.0
ITEM000442,ORD00390,PROD0035,10,148.14,16.0
ITEM000443,ORD00239,PROD0025,10,427.17,10.0
ITEM000444,ORD00284,PROD0022,2,82.85,44.0
ITEM000445,ORD00418,PROD0035,9,134.05,5.0
ITEM000446,ORD00356,PROD0003,6,442.57,46.0
ITEM000447,ORD00028,PROD0040,7,198.24,37.0
ITEM000448,ORD00008,PROD0040,9,67.25,13.0
ITEM000449,ORD00152,PROD0016,5,249.57,42.0
ITEM000450,ORD00108,PROD0033,3,9.34,15.0
ITEM000451,ORD00092,PROD0025,4,241.75,32.0
ITEM000452,ORD00396,PROD0003,10,331.34,39.0
ITEM000453,ORD00033,PROD0037,6,342.97,18.0
ITEM000454,ORD00159,PROD0001,2,21.64,41.0
ITEM000455,ORD00414,PROD0033,1,343.82,7.0
ITEM000456,ORD00226,PROD0037,10,483.61,43.0
ITEM000457,ORD00107,PROD0029,9,216.64,34.0
ITEM000458,ORD00329,PROD0006,9,207.55,7.0
ITEM000459,ORD00074,PROD0048,8,449.37,12.0
ITEM000460,ORD00033,PROD0021,5,157.23,43.0
ITEM000461,ORD00192,PROD0038,8,440.97,10.0
ITEM000462,ORD00049,PROD0026,5,275.16,34.0
ITEM000463,ORD00199,PROD0002,7,133.24,50.0
ITEM000464,ORD00377,PROD0017,1,427.13,37.0
ITEM000465,ORD00248,PROD0045,9,264.87,47.0
ITEM000466,ORD00382,PROD0049,10,158.31,19.0
ITEM000467,ORD00392,PROD0016,9,238.81,12.0
ITEM000468,ORD00391,PROD0013,4,58.74,30.0
ITEM000469,ORD00322,PROD0025,9,208.65,13.0
ITEM000470,ORD00265,PROD0005,5,228.25,33.0
ITEM000471,ORD00130,PROD0014,10,229.26,32.0
ITEM000472,ORD00438,PROD0009,4,396.31,33.0
ITEM000473,ORD00440,PROD0003,5,204.27,12.0
ITEM000474,ORD00394,PROD0024,6,392.54,32.0
ITEM000475,ORD00006,PROD0035,-5,324.5,33.0
ITEM000477,ORD00090,PROD0010,9,22.79,45.0
ITEM000478,ORD00012,PROD0045,9,264.6,47.0
ITEM000479,ORD00157,PROD0049,10,238.2,4.0
ITEM000480,ORD00306,PROD0029,8,190.78,30.0
ITEM000481,ORD00049,PROD0012,9,314.83,44.0
ITEM000482,ORD00097,PROD0001,2,302.07,3.0
ITEM000483,ORD00195,PROD0010,1,487.59,14.0
ITEM000484,ORD00184,PROD0013,6,424.52,35.0
ITEM000485,ORD00214,PROD0035,1,303.6,20.0
ITEM000486,ORD00447,PROD0031,5,306.04,46.0
ITEM000487,ORD00167,PROD0034,6,380.92,42.0
ITEM000488,ORD00309,PROD0002,6,235.07,15.0
ITEM000489,ORD00397,PROD0017,3,310.65,23.0
ITEM000490,ORD00363,PROD0020,2,79.33,35.0
ITEM000491,ORD00455,PROD0039,6,329.29,8.0
ITEM000492,ORD00077,PROD0022,6,42.44,0.0
ITEM000493,ORD00452,PROD0037,3,233.81,13.0
ITEM000494,ORD00328,PROD0034,10,316.68,37.0
ITEM000495,ORD00472,PROD0045,2,311.49,25.0
ITEM000496,ORD00370,PROD0044,1,388.43,2.0
ITEM000497,ORD00296,PROD0027,10,91.14,18.0
ITEM000498,ORD00159,PROD0038,9,84.32,41.0
ITEM000499,ORD00141,PROD0017,7,371.85,22.0
ITEM000500,ORD00308,PROD0036,3,291.7,32.0
ITEM000501,ORD00397,PROD0045,2,155.35,12.0
ITEM000502,ORD00472,PROD0012,3,224.81,46.0
ITEM000503,ORD00180,PROD0049,6,267.5,38.0
ITEM000504,ORD00227,PROD0047,5,123.2,12.0
ITEM000505,ORD00060,PROD0026,6,153.9,41.0
ITEM000507,ORD00123,PROD0029,1,315.89,41.0
ITEM000508,ORD00281,PROD0037,5,146.44,38.0
ITEM000509,ORD00473,PROD0042,7,47.92,29.0
ITEM000510,ORD00024,PROD0032,4,201.18,15.0
ITEM000511,ORD00088,PROD0003,2,256.82,17.0
ITEM000512,ORD00205,PROD0038,9,252.71,36.0
ITEM000513,ORD00287,PROD0006,6,168.14,49.0
ITEM000514,ORD00164,PROD0016,5,444.15,0.0
ITEM000515,ORD00316,PROD0038,7,217.23,0.0
ITEM000516,ORD00140,PROD0027,10,214.51,4.0
ITEM000517,ORD00435,PROD0010,9,308.38,31.0
ITEM000518,ORD00335,PROD0020,2,212.94,42.0
ITEM000519,ORD00260,PROD0023,1,391.79,34.0
ITEM000520,ORD00172,PROD0031,6,393.44,5.0
ITEM000521,ORD00186,PROD0031,10,59.31,49.0
ITEM000522,ORD00244,PROD0021,9,322.18,10.0
ITEM000523,ORD00163,PROD0020,6,422.94,3.0
ITEM000524,ORD00193,PROD0026,3,62.41,40.0
ITEM000525,ORD00303,PROD0012,2,342.27,23.0
ITEM000526,ORD00119,PROD0021,4,357.65,9.0
ITEM000527,ORD00330,PROD0022,2,382.84,17.0
ITEM000528,ORD00249,PROD0041,1,193.67,45.0
ITEM000529,ORD00166,PROD0033,6,123.66,2.0
ITEM000530,ORD00102,PROD0049,5,71.73,30.0
ITEM000531,ORD00481,PROD0050,5,466.63,12.0
ITEM000532,ORD00216,PROD0037,6,487.01,17.0
ITEM000533,ORD00257,PROD0050,1,89.06,22.0
ITEM000534,ORD00093,PROD0012,10,174.27,2.0
ITEM000535,ORD00340,PROD0018,6,371.68,8.0
ITEM000536,ORD00359,PROD0010,7,316.54,37.0
ITEM000537,ORD00188,PROD0020,4,35.29,16.0
ITEM000538,ORD00340,PROD0008,2,171.79,5.0
ITEM000539,ORD00230,PROD0042,3,411.16,21.0
ITEM000540,ORD00082,PROD0022,4,137.49,49.0
ITEM000541,ORD00208,PROD0029,3,327.52,50.0
ITEM000542,ORD00420,PROD0005,2,448.67,14.0
ITEM000544,ORD00056,PROD0039,2,220.4,13.0
ITEM000545,ORD00418,PROD0039,2,451.2,23.0
ITEM000546,ORD00123,PROD0001,2,92.04,40.0
ITEM000547,ORD00096,PROD0003,5,218.86,17.0
ITEM000548,ORD00253,PROD0022,10,417.05,29.0
ITEM000549,ORD00397,PROD0038,5,386.0,11.0
ITEM000550,ORD00113,PROD0048,6,288.67,6.0
ITEM000551,ORD00143,PROD0018,-1,324.54,15.0
ITEM000552,ORD00036,PROD0007,3,92.53,22.0
ITEM000553,ORD00327,PROD0026,8,95.21,23.0
ITEM000554,ORD00213,PROD0033,8,303.72,1.0
ITEM000555,ORD00080,PROD0044,8,195.57,9.0
ITEM000556,ORD00026,PROD0042,1,379.17,24.0
ITEM000557,ORD00448,PROD0031,2,330.24,50.0
ITEM000558,ORD00338,PROD0039,3,375.38,48.0
ITEM000560,ORD00311,PROD0032,7,134.13,44.0
ITEM000561,ORD00146,PROD0006,6,277.55,4.0
ITEM000562,ORD00077,PROD0002,2,218.73,0.0
ITEM000563,ORD00034,PROD0038,8,258.65,27.0
ITEM000564,ORD00115,PROD0016,2,255.85,46.0
ITEM000565,ORD00330,PROD0030,4,305.72,29.0
ITEM000567,ORD00132,PROD0050,8,430.71,29.0
ITEM000568,ORD00002,PROD0018,5,48.35,0.0
ITEM000569,ORD00206,PROD0010,10,117.39,47.0
ITEM000570,ORD00470,PROD0012,3,199.74,48.0
ITEM000571,ORD00240,PROD0004,7,119.02,46.0
ITEM000572,ORD00054,PROD0027,5,36.92,23.0
ITEM000573,ORD00200,PROD0050,9,372.93,31.0
ITEM000574,ORD00022,PROD0037,2,259.78,0.0
ITEM000575,ORD00066,PROD0001,6,286.76,6.0
ITEM000576,ORD00092,PROD0031,4,383.89,11.0
ITEM000577,ORD00393,PROD0024,2,282.02,42.0
ITEM000578,ORD00432,PROD0004,5,231.46,45.0
ITEM000579,ORD00455,PROD0024,9,151.94,28.0
ITEM000580,ORD00382,PROD0018,8,246.99,43.0
ITEM000581,ORD00086,PROD0050,10,410.54,38.0
ITEM000582,ORD00004,PROD0032,7,404.46,21.0
ITEM000583,ORD00034,PROD0021,5,15.93,38.0
ITEM000585,ORD00439,PROD0016,10,446.0,10.0
ITEM000586,ORD00453,PROD0049,4,465.8,33.0
ITEM000587,ORD00220,PROD0024,7,405.09,45.0
ITEM000588,ORD00209,PROD0008,10,394.54,11.0
ITEM000589,ORD00014,PROD0031,3,331.34,23.0
ITEM000590,ORD00428,PROD0035,5,320.57,19.0
ITEM000591,ORD00220,PROD0002,7,439.71,29.0
ITEM000592,ORD00157,PROD0040,3,173.19,32.0
ITEM000593,ORD00249,PROD0023,4,120.07,21.0
ITEM000594,ORD00274,PROD0036,3,404.43,29.0
ITEM000595,ORD00171,PROD0028,3,56.45,28.0
ITEM000597,ORD00457,PROD0012,5,373.42,19.0
ITEM000598,ORD00174,PROD0008,7,140.15,36.0
ITEM000599,ORD00313,PROD0043,9,87.06,1.0
ITEM000600,ORD00294,PROD0047,7,172.09,24.0
ITEM000601,ORD00178,PROD0033,3,17.84,35.0
ITEM000602,ORD00123,PROD0034,3,276.36,19.0
ITEM000603,ORD00441,PROD0035,2,475.84,39.0
ITEM000604,ORD00333,PROD0050,4,160.85,28.0
ITEM000605,ORD00358,PROD0033,4,482.89,22.0
ITEM000606,ORD00350,PROD0004,8,243.08,29.0
ITEM000607,ORD00092,PROD0004,3,285.85,49.0
ITEM000608,ORD00178,PROD0050,1,369.54,8.0
ITEM000609,ORD00132,PROD0005,10,298.39,34.0
ITEM000610,ORD00202,PROD0014,3,217.65,12.0
ITEM000611,ORD00107,PROD0017,8,350.22,38.0
ITEM000612,ORD00316,PROD0043,2,463.16,13.0
ITEM000613,ORD00312,PROD0012,5,310.67,7.0
ITEM000614,ORD00455,PROD0049,3,253.59,0.0
ITEM000615,ORD00381,PROD0047,4,100.4,4.0
ITEM000616,ORD00202,PROD0050,10,169.73,41.0
ITEM000617,ORD00228,PROD0044,6,377.31,17.0
ITEM000618,ORD00361,PROD0021,-1,160.72,41.0
ITEM000619,ORD00217,PROD0006,8,491.86,9.0
ITEM000620,ORD00488,PROD0036,7,471.28,27.0
ITEM000621,ORD00356,PROD0027,4,197.53,5.0
ITEM000622,ORD00150,PROD0047,1,163.58,30.0
ITEM000623,ORD00338,PROD0048,4,438.12,9.0
ITEM000624,ORD00280,PROD0001,6,227.54,16.0
ITEM000625,ORD00248,PROD0048,6,499.03,12.0
ITEM000626,ORD00103,PROD0041,8,30.72,20.0
ITEM000627,ORD00170,PROD0004,8,449.09,33.0
ITEM000628,ORD00310,PROD0009,3,476.65,47.0
ITEM000629,ORD00226,PROD0011,5,52.61,49.0
ITEM000630,ORD00302,PROD0041,10,246.56,24.0
ITEM000631,ORD00073,PROD0042,3,220.59,48.0
ITEM000632,ORD00348,PROD0028,4,353.63,28.0
ITEM000633,ORD00444,PROD0012,4,74.59,40.0
ITEM000634,ORD00146,PROD0022,7,7.03,39.0
ITEM000635,ORD00334,PROD0025,8,383.54,10.0
ITEM000636,ORD00450,PROD0041,10,164.33,32.0
ITEM000637,ORD00238,PROD0019,6,151.89,24.0
ITEM000638,ORD00498,PROD0019,3,264.88,40.0
ITEM000639,ORD00075,PROD0003,3,483.88,24.0
ITEM000640,ORD00308,PROD0022,7,119.44,15.0
ITEM000642,ORD00224,PROD0015,5,119.01,2.0
ITEM000643,ORD00135,PROD0019,7,407.73,25.0
ITEM000644,ORD00025,PROD0013,5,208.44,15.0
ITEM000646,ORD00213,PROD0016,3,97.12,25.0
ITEM000647,ORD00429,PROD0015,8,246.71,23.0
ITEM000648,ORD00496,PROD0043,8,250.65,50.0
ITEM000649,ORD00244,PROD0002,1,32.03,47.0
ITEM000650,ORD00382,PROD0010,1,408.91,28.0
ITEM000651,ORD00444,PROD0024,2,219.21,36.0
ITEM000652,ORD00254,PROD0004,2,105.59,23.0
ITEM000653,ORD00447,PROD0007,5,271.29,11.0
ITEM000654,ORD00070,PROD0047,9,348.53,45.0
ITEM000655,ORD00307,PROD0040,6,290.4,32.0
ITEM000656,ORD00460,PROD0040,4,262.24,42.0
ITEM000657,ORD00322,PROD0012,7,95.11,21.0
ITEM000658,ORD00432,PROD0040,10,107.11,27.0
ITEM000659,ORD00208,PROD0014,9,37.73,21.0
ITEM000660,ORD00179,PROD0017,7,19.71,22.0
ITEM000661,ORD00297,PROD0036,2,226.81,45.0
ITEM000662,ORD00476,PROD0041,7,272.8,30.0
ITEM000663,ORD00237,PROD0009,9,25.84,25.0
ITEM000664,ORD00438,PROD0017,7,312.22,42.0
ITEM000665,ORD00235,PROD0040,1,363.53,29.0
ITEM000666,ORD00149,PROD0022,8,465.25,36.0
ITEM000667,ORD00028,PROD0002,8,325.5,48.0
ITEM000668,ORD00001,PROD0040,3,335.42,35.0
ITEM000669,ORD00314,PROD0024,7,336.11,14.0
ITEM000670,ORD00067,PROD0048,3,196.03,49.0
ITEM000671,ORD00308,PROD0031,5,95.04,39.0
ITEM000672,ORD00440,PROD0013,7,375.58,38.0
ITEM000673,ORD00187,PROD0023,5,41.62,14.0
ITEM000674,ORD00123,PROD0048,7,132.37,48.0
ITEM000675,ORD00257,PROD0042,2,44.08,35.0
ITEM000676,ORD00436,PROD0036,10,179.33,21.0
ITEM000678,ORD00248,PROD0044,1,90.9,49.0
ITEM000679,ORD00445,PROD0029,7,405.39,11.0
ITEM000680,ORD00416,PROD0023,2,212.83,36.0
ITEM000681,ORD00285,PROD0026,3,489.2,23.0
ITEM000682,ORD00127,PROD0043,8,428.83,24.0
ITEM000683,ORD00352,PROD0003,6,267.1,47.0
ITEM000684,ORD00274,PROD0029,4,396.45,13.0
ITEM000685,ORD00366,PROD0031,2,142.16,5.0
ITEM000686,ORD00086,PROD0010,2,201.9,17.0
ITEM000687,ORD00458,PROD0018,2,209.8,8.0
ITEM000688,ORD00140,PROD0036,6,448.41,9.0
ITEM000689,ORD00420,PROD0009,8,249.48,20.0
ITEM000690,ORD00067,PROD0018,9,401.31,12.0
ITEM000692,ORD00168,PROD0034,5,455.51,35.0
ITEM000693,ORD00243,PROD0006,7,327.45,37.0
ITEM000694,ORD00021,PROD0034,10,319.77,25.0
ITEM000695,ORD00032,PROD0043,5,267.14,35.0
ITEM000696,ORD00415,PROD0010,2,108.14,28.0
ITEM000697,ORD00072,PROD0039,7,360.11,48.0
ITEM000698,ORD00271,PROD0028,8,309.01,42.0
ITEM000699,ORD00180,PROD0041,7,24.1,43.0
ITEM000700,ORD00354,PROD0045,5,343.6,45.0
ITEM000701,ORD00269,PROD0028,9,287.61,35.0
ITEM000702,ORD00493,PROD0032,6,199.84,12.0
ITEM000703,ORD00114,PROD0005,3,152.35,2.0
ITEM000704,ORD00173,PROD0001,3,260.82,8.0
ITEM000705,ORD00258,PROD0004,3,244.57,39.0
ITEM000706,ORD00289,PROD0013,10,443.19,7.0
ITEM000707,ORD00008,PROD0017,6,442.63,13.0
ITEM000708,ORD00294,PROD0038,5,214.53,47.0
ITEM000709,ORD00345,PROD0036,10,253.02,43.0
ITEM000710,ORD00316,PROD0040,9,389.9,38.0
ITEM000711,ORD00004,PROD0013,9,106.11,22.0
ITEM000712,ORD00103,PROD0025,3,21.58,0.0
ITEM000713,ORD00110,PROD0047,7,416.45,16.0
ITEM000714,ORD00150,PROD0020,7,5.34,21.0
ITEM000715,ORD00354,PROD0045,1,137.07,26.0
ITEM000716,ORD00160,PROD0036,10,272.74,35.0
ITEM000717,ORD00437,PROD0048,3,421.17,48.0
ITEM000718,ORD00411,PROD0015,6,217.93,15.0
ITEM000719,ORD00182,PROD0041,8,486.47,4.0
ITEM000720,ORD00191,PROD0013,7,467.49,31.0
ITEM000721,ORD00188,PROD0043,10,483.7,7.0
ITEM000722,ORD00327,PROD0009,8,133.32,0.0
ITEM000723,ORD00262,PROD0031,6,201.14,8.0
ITEM000724,ORD00479,PROD0008,5,240.12,0.0
ITEM000725,ORD00380,PROD0006,1,64.14,2.0
ITEM000726,ORD00401,PROD0033,3,474.76,47.0
ITEM000727,ORD00319,PROD0001,8,204.18,43.0
ITEM000728,ORD00397,PROD0007,10,206.52,36.0
ITEM000729,ORD00481,PROD0006,6,322.11,22.0
ITEM000730,ORD00130,PROD0019,1,205.76,21.0
ITEM000731,ORD00192,PROD0047,9,497.46,24.0
ITEM000732,ORD00467,PROD0048,2,43.81,49.0
ITEM000733,ORD00247,PROD0012,7,450.61,28.0
ITEM000734,ORD00376,PROD0008,3,80.94,35.0
ITEM000735,ORD00449,PROD0023,4,100.91,44.0
ITEM000736,ORD00131,PROD0019,2,14.55,27.0
ITEM000737,ORD00498,PROD0027,2,238.76,27.0
ITEM000738,ORD00466,PROD0049,8,15.36,12.0
ITEM000739,ORD00016,PROD0028,2,468.15,26.0
ITEM000740,ORD00024,PROD0039,3,159.62,47.0
ITEM000741,ORD00443,PROD0007,8,13.51,26.0
ITEM000742,ORD00010,PROD0039,4,322.86,31.0
ITEM000743,ORD00036,PROD0024,3,376.56,36.0
ITEM000744,ORD00122,PROD0049,3,230.34,23.0
ITEM000745,ORD00447,PROD0007,7,195.8,14.0
ITEM000746,ORD00251,PROD0019,3,166.71,50.0
ITEM000747,ORD00026,PROD0033,2,90.77,13.0
ITEM000748,ORD00462,PROD0019,4,197.77,10.0
ITEM000749,ORD00377,PROD0004,10,104.59,7.0
ITEM000750,ORD00004,PROD0048,6,89.42,43.0
ITEM000752,ORD00117,PROD0010,2,169.3,23.0
ITEM000753,ORD00094,PROD0028,2,108.87,47.0
ITEM000754,ORD00314,PROD0008,10,15.29,11.0
ITEM000755,ORD00277,PROD0029,10,419.17,21.0
ITEM000756,ORD00293,PROD0008,1,224.12,21.0
ITEM000757,ORD00219,PROD0005,7,56.27,25.0
ITEM000758,ORD00120,PROD0050,4,396.77,37.0
ITEM000759,ORD00018,PROD0045,10,159.04,45.0
ITEM000760,ORD00379,PROD0049,8,44.28,9.0
ITEM000761,ORD00003,PROD0020,3,448.0,14.0
ITEM000762,ORD00417,PROD0043,-4,116.95,23.0
ITEM000763,ORD00209,PROD0006,6,345.35,47.0
ITEM000764,ORD00107,PROD0022,4,378.19,30.0
ITEM000765,ORD00343,PROD0040,9,123.87,6.0
ITEM000766,ORD00191,PROD0016,6,441.46,0.0
ITEM000767,ORD00450,PROD0038,-2,104.52,39.0
ITEM000768,ORD00330,PROD0041,5,367.79,4.0
ITEM000769,ORD00003,PROD0022,10,400.2,45.0
ITEM000770,ORD00359,PROD0036,3,284.7,41.0
ITEM000771,ORD00218,PROD0031,8,295.78,30.0
ITEM000772,ORD00251,PROD0025,6,443.5,10.0
ITEM000773,ORD00382,PROD0043,4,177.27,34.0
ITEM000774,ORD00497,PROD0003,5,137.59,14.0
ITEM000775,ORD00276,PROD0024,3,110.63,46.0
ITEM000776,ORD00156,PROD0009,3,255.9,40.0
ITEM000777,ORD00486,PROD0022,4,114.78,18.0
ITEM000778,ORD00337,PROD0027,2,255.96,10.0
ITEM000779,ORD00204,PROD0019,10,176.15,46.0
ITEM000780,ORD00234,PROD0032,1,136.39,14.0
ITEM000781,ORD00330,PROD0027,2,304.58,14.0
ITEM000782,ORD00378,PROD0020,8,498.32,44.0
ITEM000783,ORD00445,PROD0032,7,426.65,34.0
ITEM000784,ORD00476,PROD0047,3,280.93,31.0
ITEM000785,ORD00198,PROD0018,4,99.55,2.0
ITEM000786,ORD00340,PROD0004,6,204.99,47.0
ITEM000787,ORD00186,PROD0010,6,45.64,43.0
ITEM000788,ORD00048,PROD0013,6,165.39,42.0
ITEM000789,ORD00117,PROD0029,4,162.66,17.0
ITEM000790,ORD00361,PROD0045,4,173.42,19.0
ITEM000791,ORD00290,PROD0005,2,404.52,42.0
ITEM000793,ORD00313,PROD0006,-5,164.2,2.0
ITEM000794,ORD00277,PROD0022,5,415.92,11.0
ITEM000795,ORD00246,PROD0028,1,371.79,30.0
ITEM000797,ORD00295,PROD0050,9,25.53,2.0
ITEM000798,ORD00500,PROD0050,-5,43.96,43.0
ITEM000799,ORD00108,PROD0044,9,68.68,47.0
ITEM000800,ORD00133,PROD0005,7,467.14,7.0
